Employee_ID,Base_Salary,Bonus_Last_Year,Tax_Deductions
EMP00001,141307,7692,23161
EMP00002,134792,12171,18254
EMP00003,65651,6398,12380
EMP00004,137919,7252,7228
EMP00005,79963,11721,14814
EMP00006,95872,1555,13888
EMP00007,119198,11825,11391
EMP00008,53739,8867,14429
EMP00009,103294,4187,23790
EMP00010,88356,7767,5637
EMP00011,41789,13380,22333
EMP00012,59420,36,15096
EMP00013,129297,12028,8587
EMP00014,145902,1787,6111
EMP00015,77606,6283,13367
EMP00016,78640,8060,5722
EMP00017,84135,10919,9866
EMP00018,77067,8065,15139
EMP00019,98420,13489,22086
EMP00020,57357,3880,7128
EMP00021,79851,5932,14118
EMP00022,78262,10086,7517
EMP00023,116853,8328,22533
EMP00024,98643,6333,19228
EMP00025,61534,5759,19179
EMP00026,131270,6485,23262
EMP00027,141433,13870,14675
EMP00028,72872,11268,5309
EMP00029,145737,5067,8952
EMP00030,47689,12075,24433
EMP00031,109103,661,18871
EMP00032,126268,7973,14692
EMP00033,126310,6386,5015
EMP00034,128731,10002,21989
EMP00035,77412,7887,21005
EMP00036,87734,414,19278
EMP00037,149634,6850,19817
EMP00038,127793,8534,14759
EMP00039,109930,2729,20664
EMP00040,141838,11642,11412
EMP00041,62228,11857,15196
EMP00042,117924,11929,13507
EMP00043,51319,14988,9820
EMP00044,46475,3897,12835
EMP00045,137091,12433,6849
EMP00046,123694,12610,18587
EMP00047,54728,2169,6953
EMP00048,69545,13563,24153
EMP00049,136636,1878,17731
EMP00050,121686,12162,24430
EMP00051,138750,6454,11840
EMP00052,138412,12888,10066
EMP00053,101756,4570,7415
EMP00054,108775,10809,7389
EMP00055,78699,1515,21211
EMP00056,76821,574,5763
EMP00057,70615,12634,22199
EMP00058,53746,2867,11255
EMP00059,126457,13798,22261
EMP00060,62745,3544,12173
EMP00061,41245,4477,15518
EMP00062,64853,13591,15252
EMP00063,67632,71,17447
EMP00064,52856,10760,20089
EMP00065,96893,11629,14395
EMP00066,110641,2980,17067
EMP00067,141226,9309,24207
EMP00068,108049,5492,10287
EMP00069,98182,10578,24669
EMP00070,42801,11700,18461
EMP00071,137881,9551,18402
EMP00072,119431,4759,12433
EMP00073,79749,9707,16284
EMP00074,113757,8084,9826
EMP00075,95654,14179,8664
EMP00076,111574,39,15528
EMP00077,137567,9574,5497
EMP00078,95381,10222,12641
EMP00079,98601,10813,9643
EMP00080,55082,5373,10056
EMP00081,54648,13253,5131
EMP00082,40364,14916,10443
EMP00083,74568,7565,22241
EMP00084,119646,1900,18443
EMP00085,111494,2217,13712
EMP00086,114632,4796,13221
EMP00087,47436,4606,20660
EMP00088,126713,1283,11147
EMP00089,66754,8775,16588
EMP00090,100194,13271,9604
EMP00091,64544,8650,14452
EMP00092,100180,14864,22942
EMP00093,103295,14193,21399
EMP00094,52638,14676,8605
EMP00095,105715,14392,18284
EMP00096,109409,10457,6607
EMP00097,123106,10858,16709
EMP00098,57157,815,7016
EMP00099,85565,2511,8574
EMP00100,109996,246,18541
EMP00101,105888,4825,12274
EMP00102,96095,6516,14935
EMP00103,104947,416,20748
EMP00104,127122,13342,11406
EMP00105,110880,12655,16826
EMP00106,44507,6702,22472
EMP00107,143134,3717,6361
EMP00108,83988,107,9473
EMP00109,138421,10823,12319
EMP00110,56865,9030,13667
EMP00111,142591,4513,14481
EMP00112,67213,13931,13520
EMP00113,95954,13108,22570
EMP00114,97450,1421,24798
EMP00115,44477,12970,8536
EMP00116,102222,7283,6773
EMP00117,46533,12104,15255
EMP00118,89395,255,7558
EMP00119,63396,7248,10079
EMP00120,52755,11019,19341
EMP00121,40865,9029,24675
EMP00122,51173,2962,14981
EMP00123,98905,2282,8524
EMP00124,78097,8744,24888
EMP00125,73371,8372,13998
EMP00126,144060,12444,18697
EMP00127,51254,1477,24050
EMP00128,44018,8762,18606
EMP00129,45192,4952,18429
EMP00130,42015,5880,21039
EMP00131,148154,9919,12140
EMP00132,108916,13335,13785
EMP00133,68343,5592,19901
EMP00134,109306,13711,8280
EMP00135,45829,7091,7212
EMP00136,74381,591,20213
EMP00137,121081,6277,13078
EMP00138,58263,12708,20936
EMP00139,143676,2260,21997
EMP00140,93260,11139,19274
EMP00141,83306,14817,5868
EMP00142,131211,347,22195
EMP00143,98418,8357,21042
EMP00144,130898,5032,20407
EMP00145,40148,4443,21254
EMP00146,41754,11088,6744
EMP00147,66745,12685,7256
EMP00148,112914,8774,16859
EMP00149,95833,6869,10423
EMP00150,60140,11698,10089
EMP00151,114907,5696,11608
EMP00152,100653,12595,14717
EMP00153,132535,3038,22853
EMP00154,101521,2845,24059
EMP00155,118315,7864,22897
EMP00156,71075,10958,9876
EMP00157,70697,6609,22835
EMP00158,94544,12386,8007
EMP00159,49795,1265,19325
EMP00160,104555,12445,8124
EMP00161,92204,14945,6753
EMP00162,143996,12841,22996
EMP00163,109754,12938,8275
EMP00164,104860,11159,13747
EMP00165,143107,2274,17443
EMP00166,91529,2470,23433
EMP00167,51672,10482,5824
EMP00168,94238,2577,18880
EMP00169,136578,3660,16041
EMP00170,75950,1068,24414
EMP00171,51009,5591,6081
EMP00172,87096,14706,16517
EMP00173,59544,5974,21876
EMP00174,95728,14987,9764
EMP00175,69381,10928,13266
EMP00176,65287,4829,16183
EMP00177,104610,1950,24744
EMP00178,108122,8283,21712
EMP00179,108184,3093,17877
EMP00180,80081,10411,14982
EMP00181,123637,13915,13968
EMP00182,85312,5311,19639
EMP00183,127228,13388,9674
EMP00184,112943,13592,9316
EMP00185,122790,1387,20314
EMP00186,120770,4274,14695
EMP00187,92726,2285,20814
EMP00188,62211,3206,24709
EMP00189,69480,2924,13379
EMP00190,87780,7045,6214
EMP00191,97138,8471,16638
EMP00192,130382,13330,15713
EMP00193,82503,1618,20977
EMP00194,97893,10979,17071
EMP00195,86193,8562,8136
EMP00196,101358,5896,11618
EMP00197,120857,11375,10265
EMP00198,118182,12026,12965
EMP00199,62117,7843,14597
EMP00200,99056,9895,13708
EMP00201,98706,10460,11569
EMP00202,110429,7063,22875
EMP00203,49476,8495,10213
EMP00204,122806,11966,16881
EMP00205,95006,1348,9228
EMP00206,127238,5556,9409
EMP00207,109918,14773,5590
EMP00208,103155,5289,24440
EMP00209,107321,2422,23590
EMP00210,85798,3628,7708
EMP00211,117271,2428,10981
EMP00212,70177,3033,17221
EMP00213,136248,6157,22131
EMP00214,122215,8860,18785
EMP00215,83013,8691,11553
EMP00216,140901,7813,22881
EMP00217,122600,1414,6379
EMP00218,136099,13860,12360
EMP00219,93450,6708,8770
EMP00220,138628,8721,24726
EMP00221,87928,14294,19449
EMP00222,132403,6635,14088
EMP00223,85382,3621,6546
EMP00224,139290,11648,24510
EMP00225,125038,5315,11208
EMP00226,40760,754,21350
EMP00227,64142,2347,13875
EMP00228,147532,13102,6295
EMP00229,57290,14882,20861
EMP00230,111035,726,18973
EMP00231,40364,13018,22769
EMP00232,96921,4923,19481
EMP00233,59797,2649,22326
EMP00234,146331,13619,8280
EMP00235,72535,10238,18597
EMP00236,86300,2815,22417
EMP00237,87176,9066,7786
EMP00238,56105,3279,7233
EMP00239,47939,2984,6620
EMP00240,119472,10370,8535
EMP00241,82029,3807,24589
EMP00242,55863,7876,7882
EMP00243,118097,6099,21554
EMP00244,50447,13965,14745
EMP00245,136160,607,8897
EMP00246,86940,6169,20861
EMP00247,117947,7790,7837
EMP00248,125001,5573,13599
EMP00249,143752,634,20911
EMP00250,59642,13497,11721
EMP00251,136798,12771,22063
EMP00252,135899,10919,10487
EMP00253,107643,1074,20121
EMP00254,47928,1914,5236
EMP00255,88002,14340,16629
EMP00256,124853,588,16549
EMP00257,65017,3231,7423
EMP00258,119064,6351,17906
EMP00259,53313,10496,19988
EMP00260,41559,13516,6032
EMP00261,90893,3838,11339
EMP00262,55167,1973,7940
EMP00263,120879,14346,17262
EMP00264,78598,5044,24516
EMP00265,47523,10247,16652
EMP00266,89777,11672,9942
EMP00267,68439,10271,11961
EMP00268,121060,6103,12730
EMP00269,53285,6683,5633
EMP00270,50973,5837,11822
EMP00271,62694,11244,11487
EMP00272,75774,12674,20131
EMP00273,44302,9443,24830
EMP00274,62391,6783,10738
EMP00275,44611,14078,8098
EMP00276,49372,5594,13097
EMP00277,64312,11987,18136
EMP00278,54080,3822,10476
EMP00279,120618,12494,13253
EMP00280,148397,3389,23201
EMP00281,136213,5914,9887
EMP00282,60874,1780,23982
EMP00283,102537,10796,16643
EMP00284,113914,3688,14492
EMP00285,41597,14683,7653
EMP00286,51600,13080,6454
EMP00287,43747,14569,22522
EMP00288,119415,9916,10807
EMP00289,118553,7211,8192
EMP00290,64815,13293,17812
EMP00291,124500,10976,20775
EMP00292,134348,5037,15402
EMP00293,145736,13453,18074
EMP00294,64714,11911,20245
EMP00295,58890,6319,8759
EMP00296,101509,9869,24413
EMP00297,101824,8640,20683
EMP00298,44725,12879,17460
EMP00299,83205,81,21447
EMP00300,60684,6278,20460
EMP00301,131861,6999,22729
EMP00302,97911,1406,22358
EMP00303,138078,7410,14814
EMP00304,53092,1480,18890
EMP00305,135918,14775,24714
EMP00306,79770,9271,6740
EMP00307,65457,3598,16218
EMP00308,111667,7993,11055
EMP00309,130751,12706,6954
EMP00310,102894,4183,21663
EMP00311,101305,3680,23775
EMP00312,52612,10895,14232
EMP00313,142841,7644,11439
EMP00314,118627,4310,5961
EMP00315,140639,11948,22601
EMP00316,77089,1758,11007
EMP00317,135295,2599,22776
EMP00318,92137,5616,7076
EMP00319,40559,5813,11196
EMP00320,106249,10742,21292
EMP00321,77361,3853,15315
EMP00322,120720,10938,16785
EMP00323,55261,2292,13142
EMP00324,60372,1501,11260
EMP00325,95355,12596,20534
EMP00326,137676,8422,9841
EMP00327,138560,7550,18384
EMP00328,97920,4250,22443
EMP00329,72544,9390,6922
EMP00330,40037,6991,16991
EMP00331,83032,114,11101
EMP00332,118233,9605,7473
EMP00333,81420,4406,13108
EMP00334,137243,9184,20450
EMP00335,131552,2347,15043
EMP00336,74600,1041,21210
EMP00337,88285,6927,9549
EMP00338,102008,11,5594
EMP00339,129520,13715,21890
EMP00340,45167,7980,9889
EMP00341,40432,7871,13212
EMP00342,109687,6375,22783
EMP00343,111947,7098,8201
EMP00344,136324,3676,12854
EMP00345,90903,6109,11763
EMP00346,132159,13017,15653
EMP00347,94149,5397,10190
EMP00348,127640,13664,18715
EMP00349,96768,3065,10681
EMP00350,100184,2036,8678
EMP00351,105792,3046,19102
EMP00352,73439,10542,21720
EMP00353,73257,540,6667
EMP00354,145193,14805,22293
EMP00355,84674,11052,13204
EMP00356,91248,76,10122
EMP00357,123602,3067,16217
EMP00358,85371,23,20583
EMP00359,138282,5134,5973
EMP00360,107996,675,6408
EMP00361,77297,6668,15135
EMP00362,94273,10586,23672
EMP00363,101256,4267,13738
EMP00364,74743,5988,19349
EMP00365,108752,11590,6218
EMP00366,119803,10951,22804
EMP00367,115117,7652,8377
EMP00368,110051,8680,15964
EMP00369,62076,1485,9098
EMP00370,115312,14713,24122
EMP00371,127483,3659,12619
EMP00372,42963,11427,16939
EMP00373,112322,2419,23226
EMP00374,53866,7740,24200
EMP00375,144504,7143,21878
EMP00376,72305,3495,11560
EMP00377,102403,756,10510
EMP00378,122896,10716,8444
EMP00379,145649,14717,12543
EMP00380,72813,12442,17429
EMP00381,106729,8448,12253
EMP00382,100686,1779,18775
EMP00383,44512,12961,5045
EMP00384,62666,10307,20597
EMP00385,56630,6487,7057
EMP00386,114519,11540,5663
EMP00387,40636,12960,9668
EMP00388,43775,14726,23413
EMP00389,107957,9664,10717
EMP00390,104591,258,7696
EMP00391,118561,4075,18200
EMP00392,114816,8498,21101
EMP00393,142487,8014,13831
EMP00394,51351,1118,24047
EMP00395,143627,7631,24129
EMP00396,95184,3017,10004
EMP00397,135707,4341,18156
EMP00398,109180,10972,9402
EMP00399,121678,1658,15787
EMP00400,113309,8378,19662
EMP00401,134002,1797,24811
EMP00402,50778,9116,10912
EMP00403,52501,784,5394
EMP00404,42108,11636,19635
EMP00405,134905,5691,8597
EMP00406,76382,14743,15524
EMP00407,131354,3196,5329
EMP00408,115787,9552,22156
EMP00409,63341,8532,6645
EMP00410,117214,562,23171
EMP00411,54367,4746,14815
EMP00412,135208,2999,22383
EMP00413,109868,1193,6848
EMP00414,52002,11302,6561
EMP00415,125820,68,5773
EMP00416,99949,5679,12311
EMP00417,55700,2428,20203
EMP00418,119305,6200,23187
EMP00419,102543,5396,14290
EMP00420,69318,6993,7050
EMP00421,129859,13410,22131
EMP00422,67610,13203,8973
EMP00423,112499,3598,6615
EMP00424,113374,10564,19550
EMP00425,105226,12748,15494
EMP00426,85167,14514,10506
EMP00427,117779,9035,18054
EMP00428,67939,573,18861
EMP00429,101365,4214,16587
EMP00430,107381,7636,18515
EMP00431,86710,10788,10854
EMP00432,56766,12933,21600
EMP00433,142416,1478,22743
EMP00434,52780,10265,8774
EMP00435,88458,9705,9927
EMP00436,96221,6127,9429
EMP00437,148392,13319,9606
EMP00438,41509,9160,9478
EMP00439,129493,14298,21076
EMP00440,74346,13827,23280
EMP00441,122799,6676,12366
EMP00442,86874,2196,9427
EMP00443,66148,9703,18476
EMP00444,71533,13336,10361
EMP00445,148144,8166,5641
EMP00446,118467,8846,15085
EMP00447,41359,6050,24659
EMP00448,130068,11184,9050
EMP00449,100313,4650,9553
EMP00450,60344,12712,23688
EMP00451,109778,8484,8343
EMP00452,60601,13496,7056
EMP00453,59116,10793,24192
EMP00454,96985,4526,14416
EMP00455,141013,14939,12226
EMP00456,70782,4412,5886
EMP00457,89819,12685,13584
EMP00458,124416,5443,23830
EMP00459,109035,9780,16530
EMP00460,137123,8787,8591
EMP00461,84458,2593,23565
EMP00462,131556,10315,21738
EMP00463,48080,10135,7631
EMP00464,128743,9107,22905
EMP00465,73957,6852,24056
EMP00466,53908,6629,16370
EMP00467,136188,3869,23721
EMP00468,135880,10986,22012
EMP00469,130570,13543,7679
EMP00470,131324,11270,9422
EMP00471,118287,7971,12463
EMP00472,87482,14885,14613
EMP00473,139329,9167,22510
EMP00474,138375,9267,6780
EMP00475,78314,7822,14424
EMP00476,140989,2989,11571
EMP00477,114921,7062,5825
EMP00478,123768,11659,16155
EMP00479,148880,5340,7395
EMP00480,140326,9643,9145
EMP00481,55831,3823,20779
EMP00482,60125,13454,10492
EMP00483,102451,3932,12111
EMP00484,85708,10220,18087
EMP00485,57682,8554,14984
EMP00486,142406,2429,11792
EMP00487,122824,11824,24935
EMP00488,75794,7444,12711
EMP00489,99372,10510,6565
EMP00490,79477,11277,8667
EMP00491,93863,10537,11459
EMP00492,129941,7147,9096
EMP00493,78737,7631,6019
EMP00494,42620,3598,14476
EMP00495,140950,4329,13254
EMP00496,143169,6718,16584
EMP00497,75057,9923,10965
EMP00498,80138,8218,16464
EMP00499,119390,13782,23653
EMP00500,93024,92,17439
EMP00501,49677,10856,9721
EMP00502,84111,8500,13408
EMP00503,64074,51,5195
EMP00504,57824,318,8273
EMP00505,40765,10184,20330
EMP00506,85439,12468,15886
EMP00507,137151,5688,8212
EMP00508,88926,12083,7755
EMP00509,76860,7018,22905
EMP00510,52975,7210,6080
EMP00511,114877,12934,20501
EMP00512,133677,3956,22105
EMP00513,117870,6057,19047
EMP00514,121371,13571,22946
EMP00515,66548,14532,5639
EMP00516,140970,10884,17502
EMP00517,130575,11210,10190
EMP00518,138066,14590,8736
EMP00519,78736,10216,21473
EMP00520,101562,6875,6251
EMP00521,80409,4431,14294
EMP00522,124101,13864,21732
EMP00523,49834,1525,9052
EMP00524,142192,13277,24325
EMP00525,40840,7043,5271
EMP00526,119409,1278,23414
EMP00527,71568,8705,16698
EMP00528,50846,6125,20889
EMP00529,45899,7874,14657
EMP00530,126038,12529,14387
EMP00531,106101,14484,21376
EMP00532,78773,9925,16279
EMP00533,147460,11562,17015
EMP00534,148778,6900,12041
EMP00535,114723,12113,22510
EMP00536,112762,14955,13708
EMP00537,147683,2500,15857
EMP00538,144194,3464,14493
EMP00539,44311,2259,13052
EMP00540,149750,12955,21995
EMP00541,96888,12881,22133
EMP00542,81616,14466,18580
EMP00543,92134,7496,23240
EMP00544,131225,2659,22910
EMP00545,46083,255,15216
EMP00546,52598,1502,11229
EMP00547,122476,4656,18343
EMP00548,132416,10302,7098
EMP00549,42580,5430,20438
EMP00550,97395,8598,12865
EMP00551,82321,11041,21557
EMP00552,49386,3176,17211
EMP00553,93171,1860,5500
EMP00554,59522,6158,8646
EMP00555,105532,5806,23747
EMP00556,131760,4354,15048
EMP00557,54635,722,16344
EMP00558,40671,7579,23280
EMP00559,73545,9474,14910
EMP00560,94079,613,6778
EMP00561,66855,3331,17984
EMP00562,75790,5790,24441
EMP00563,91012,3116,10190
EMP00564,54260,10170,20304
EMP00565,105139,9004,11997
EMP00566,41074,9978,17020
EMP00567,82676,330,9747
EMP00568,49475,2212,14286
EMP00569,118414,9408,5045
EMP00570,55120,13832,12758
EMP00571,63147,5493,24585
EMP00572,41986,7232,5455
EMP00573,149129,12674,14854
EMP00574,72430,5614,24308
EMP00575,147497,5913,22349
EMP00576,95479,5913,6528
EMP00577,122966,14102,7976
EMP00578,42176,11529,24455
EMP00579,124258,10567,18288
EMP00580,148351,5611,11387
EMP00581,124153,9432,7521
EMP00582,101918,319,11525
EMP00583,67115,8085,6126
EMP00584,142912,12686,18348
EMP00585,117442,10106,12716
EMP00586,80002,4200,21102
EMP00587,97124,4791,8404
EMP00588,46610,329,9492
EMP00589,148828,8851,7343
EMP00590,89752,11880,5106
EMP00591,118947,11310,20195
EMP00592,114716,6742,18241
EMP00593,87993,4916,24538
EMP00594,50073,10164,17575
EMP00595,77251,14976,9801
EMP00596,136496,1793,10580
EMP00597,111437,6457,21598
EMP00598,78897,11410,10400
EMP00599,90906,8125,11875
EMP00600,91616,12749,13656
EMP00601,148719,5703,11247
EMP00602,44482,10725,11177
EMP00603,147990,13963,12269
EMP00604,130964,10649,19974
EMP00605,112936,6170,19037
EMP00606,79574,11292,23756
EMP00607,83284,12558,21167
EMP00608,112932,10925,15380
EMP00609,47338,6644,11617
EMP00610,82718,7420,5303
EMP00611,52500,12672,17683
EMP00612,51545,4155,21717
EMP00613,101480,13418,16025
EMP00614,45241,8411,23715
EMP00615,129314,13752,9561
EMP00616,62821,11010,5079
EMP00617,44695,10098,8763
EMP00618,117066,2611,15169
EMP00619,54318,5691,22116
EMP00620,90934,2593,8976
EMP00621,62331,95,22768
EMP00622,92672,9180,7124
EMP00623,131891,9304,11652
EMP00624,116860,6041,10283
EMP00625,133685,10470,12176
EMP00626,108754,5063,23676
EMP00627,125677,14610,17409
EMP00628,142320,8437,17319
EMP00629,42837,10350,5997
EMP00630,145338,12521,16001
EMP00631,80077,3349,9664
EMP00632,119915,7644,23741
EMP00633,44239,6560,23063
EMP00634,126348,10917,18117
EMP00635,69669,5247,16231
EMP00636,88624,5356,12440
EMP00637,115147,4077,24911
EMP00638,44150,4898,16218
EMP00639,51109,10858,20608
EMP00640,139750,11391,24129
EMP00641,66016,10946,9090
EMP00642,51936,1417,12471
EMP00643,51036,14810,8743
EMP00644,79236,8846,15196
EMP00645,54021,10634,12008
EMP00646,76943,110,8324
EMP00647,143384,8281,13632
EMP00648,121007,8954,24641
EMP00649,90016,13591,5226
EMP00650,63244,13644,19863
EMP00651,103027,7391,21027
EMP00652,78985,11364,23785
EMP00653,143976,10371,9718
EMP00654,41502,5132,22408
EMP00655,93836,2504,10672
EMP00656,139714,9656,20262
EMP00657,43770,8289,22254
EMP00658,82865,5239,8199
EMP00659,93811,292,23129
EMP00660,44001,10031,10270
EMP00661,100848,1734,17750
EMP00662,92635,5120,12897
EMP00663,60946,10811,13664
EMP00664,106134,6393,19892
EMP00665,135852,12939,13271
EMP00666,131103,2196,10158
EMP00667,132044,3466,17844
EMP00668,83744,14379,5589
EMP00669,79159,1906,14552
EMP00670,135812,1721,21267
EMP00671,63671,11883,23268
EMP00672,56450,13355,21159
EMP00673,54908,14497,19263
EMP00674,97275,1816,10399
EMP00675,84358,8444,13503
EMP00676,89047,4227,6076
EMP00677,75518,11711,12235
EMP00678,97813,10099,21417
EMP00679,136748,10102,6841
EMP00680,148220,10713,9481
EMP00681,46806,5775,6134
EMP00682,144733,3849,18139
EMP00683,80891,5228,12771
EMP00684,123551,6849,13567
EMP00685,79220,1058,13915
EMP00686,57158,11730,18898
EMP00687,120992,14213,6913
EMP00688,67588,2322,9297
EMP00689,102576,8378,6942
EMP00690,128027,948,22715
EMP00691,64188,8179,5337
EMP00692,132615,10482,19256
EMP00693,98830,4359,15057
EMP00694,44019,14285,13983
EMP00695,52419,12809,24995
EMP00696,73697,5660,21283
EMP00697,124932,13070,8700
EMP00698,144568,7254,17145
EMP00699,135428,12822,11118
EMP00700,47973,8401,7673
EMP00701,148001,2093,7122
EMP00702,126649,11730,16977
EMP00703,51136,1563,13250
EMP00704,124739,8217,23446
EMP00705,102502,174,22638
EMP00706,71285,13827,8688
EMP00707,63039,1334,8748
EMP00708,106720,321,11342
EMP00709,128263,5698,21275
EMP00710,99155,13446,18665
EMP00711,56911,12342,9130
EMP00712,40916,12239,8029
EMP00713,99052,13854,24230
EMP00714,109110,13897,18182
EMP00715,141623,11419,9035
EMP00716,57790,10064,20127
EMP00717,123161,14482,7899
EMP00718,45206,5604,14638
EMP00719,125053,6742,18222
EMP00720,89950,10259,22296
EMP00721,96361,7436,9242
EMP00722,101451,8524,23095
EMP00723,77696,5674,6439
EMP00724,121641,5002,10613
EMP00725,141192,11183,10375
EMP00726,108226,910,13877
EMP00727,142395,12688,7466
EMP00728,86728,949,12824
EMP00729,95401,5425,17329
EMP00730,106226,10267,16630
EMP00731,65103,2514,22349
EMP00732,74263,11523,19203
EMP00733,116621,7701,11928
EMP00734,90044,11221,14111
EMP00735,97730,14198,13120
EMP00736,65825,100,16064
EMP00737,116256,4646,22892
EMP00738,144177,6945,14404
EMP00739,77271,2400,5871
EMP00740,117256,11563,17582
EMP00741,86732,5801,5863
EMP00742,106433,2343,19883
EMP00743,122630,352,17145
EMP00744,141999,2955,8055
EMP00745,140990,1018,17186
EMP00746,63572,1179,7682
EMP00747,78546,5193,17882
EMP00748,55150,3536,10278
EMP00749,94165,11842,18805
EMP00750,103690,2502,21997
EMP00751,93664,3819,6872
EMP00752,122335,6855,16346
EMP00753,115199,979,12723
EMP00754,76948,13643,18871
EMP00755,77030,13026,20946
EMP00756,67007,976,12189
EMP00757,140819,9563,17752
EMP00758,131207,2280,16565
EMP00759,130921,5897,11942
EMP00760,116772,14437,19730
EMP00761,62024,13240,16383
EMP00762,79384,12768,5244
EMP00763,122912,13525,5020
EMP00764,142674,107,18917
EMP00765,58157,9164,18721
EMP00766,125481,1626,10767
EMP00767,142120,8895,15247
EMP00768,128553,14670,8515
EMP00769,41756,6229,6910
EMP00770,140677,6877,15750
EMP00771,108112,874,13076
EMP00772,131003,5543,23006
EMP00773,142488,3809,20051
EMP00774,136741,10603,9314
EMP00775,98051,2107,7453
EMP00776,140701,11745,7015
EMP00777,104595,9465,15236
EMP00778,118210,559,7800
EMP00779,83094,8308,14023
EMP00780,148850,4969,16884
EMP00781,127889,13255,21352
EMP00782,135385,3046,17882
EMP00783,44535,13856,15346
EMP00784,96035,43,19035
EMP00785,87367,508,21108
EMP00786,147472,6107,7853
EMP00787,57118,13476,23620
EMP00788,99812,3439,9176
EMP00789,99884,3928,7155
EMP00790,106168,5411,11829
EMP00791,53280,13136,6886
EMP00792,54746,14167,11471
EMP00793,142572,916,17589
EMP00794,93251,11137,13391
EMP00795,124821,798,24324
EMP00796,123583,4971,24874
EMP00797,50207,1760,18350
EMP00798,111127,10525,12899
EMP00799,67757,3275,5306
EMP00800,56226,818,8075
EMP00801,135268,10360,23040
EMP00802,101407,5040,12244
EMP00803,67206,11927,11611
EMP00804,60256,3065,24076
EMP00805,73822,3259,19134
EMP00806,81340,906,23148
EMP00807,92234,12300,5275
EMP00808,83351,602,10271
EMP00809,146311,4295,12331
EMP00810,88671,10825,16553
EMP00811,115320,9983,16573
EMP00812,142565,3527,24844
EMP00813,75157,4543,15072
EMP00814,59937,1811,21017
EMP00815,94290,12103,23228
EMP00816,86707,9032,21455
EMP00817,51219,11334,12386
EMP00818,49399,12877,11862
EMP00819,138848,7963,12340
EMP00820,67657,5249,14487
EMP00821,60047,10282,20061
EMP00822,140543,4615,12635
EMP00823,116095,9228,19604
EMP00824,125693,8916,22427
EMP00825,140931,6766,8042
EMP00826,112154,9179,22198
EMP00827,84891,802,15386
EMP00828,46780,2582,16692
EMP00829,67050,6445,20225
EMP00830,113551,3837,21693
EMP00831,108666,8718,11661
EMP00832,133619,1665,15253
EMP00833,122016,9330,23261
EMP00834,93010,8651,23870
EMP00835,141012,6975,16937
EMP00836,78165,2552,5794
EMP00837,51528,7475,19598
EMP00838,89608,13219,11786
EMP00839,45914,14274,9014
EMP00840,77136,12612,12392
EMP00841,51179,12866,17545
EMP00842,126008,2808,10353
EMP00843,52076,11090,8407
EMP00844,64783,5633,22358
EMP00845,86716,11435,21053
EMP00846,90298,12260,18189
EMP00847,94304,14837,16213
EMP00848,119360,6096,12248
EMP00849,109835,14669,9369
EMP00850,48118,10523,13050
EMP00851,116292,12762,21848
EMP00852,96911,13365,10415
EMP00853,113489,13769,20398
EMP00854,143088,13890,13115
EMP00855,55185,13731,5287
EMP00856,81792,11877,8195
EMP00857,120210,8823,23376
EMP00858,90613,12990,12450
EMP00859,73927,2456,7925
EMP00860,40386,9173,19515
EMP00861,132153,5423,22504
EMP00862,112728,14246,10310
EMP00863,116281,12846,21830
EMP00864,70020,4317,16760
EMP00865,82678,1556,19896
EMP00866,126695,2205,24280
EMP00867,101394,12635,22105
EMP00868,108945,13470,23547
EMP00869,96414,13176,15774
EMP00870,94816,3955,20457
EMP00871,95918,9113,14543
EMP00872,131281,13546,8980
EMP00873,102694,6805,16576
EMP00874,69455,404,23109
EMP00875,144446,13568,8413
EMP00876,78735,12964,5494
EMP00877,134702,12876,5947
EMP00878,145509,1620,5022
EMP00879,133608,14893,6128
EMP00880,52109,2952,18986
EMP00881,85802,8080,21161
EMP00882,108020,3118,21160
EMP00883,74622,7380,21941
EMP00884,149935,14814,14808
EMP00885,42597,6630,11998
EMP00886,80597,9786,12182
EMP00887,80954,565,23040
EMP00888,109519,14859,13998
EMP00889,96115,4799,8312
EMP00890,144988,7670,18329
EMP00891,83151,2868,20802
EMP00892,57040,9049,16167
EMP00893,84772,9476,7324
EMP00894,136090,8776,14639
EMP00895,103832,4327,18338
EMP00896,67916,6413,15753
EMP00897,84871,7614,10984
EMP00898,66372,1245,23895
EMP00899,101707,8243,20142
EMP00900,79080,10355,16063
EMP00901,146242,537,5362
EMP00902,82722,540,8454
EMP00903,69048,13330,24182
EMP00904,125205,814,8255
EMP00905,49777,1415,22601
EMP00906,94711,11030,22869
EMP00907,76331,1652,10349
EMP00908,60968,10857,12195
EMP00909,93969,12706,15047
EMP00910,143345,4062,12750
EMP00911,51292,2356,14399
EMP00912,80794,3810,18686
EMP00913,119459,9055,13035
EMP00914,90192,185,6507
EMP00915,67703,12548,22387
EMP00916,124193,1551,19776
EMP00917,109165,13584,22309
EMP00918,107650,10399,11583
EMP00919,96516,7013,8927
EMP00920,139981,761,22369
EMP00921,141398,12511,20797
EMP00922,131110,9471,9231
EMP00923,137885,12467,10302
EMP00924,62257,6163,10291
EMP00925,140588,13935,5908
EMP00926,143356,12919,20123
EMP00927,123509,7635,17877
EMP00928,131273,11886,19239
EMP00929,91672,3281,7586
EMP00930,103308,1536,14335
EMP00931,117583,6201,20640
EMP00932,62113,3164,22715
EMP00933,40694,2770,15534
EMP00934,55588,10155,6806
EMP00935,101756,7399,15292
EMP00936,104085,3845,22189
EMP00937,101142,3435,15967
EMP00938,104373,4710,21455
EMP00939,125603,561,5027
EMP00940,46704,10613,13660
EMP00941,80136,4717,12055
EMP00942,107507,7623,14616
EMP00943,87361,10327,15440
EMP00944,98847,7187,8832
EMP00945,146359,13301,20970
EMP00946,51441,10253,18107
EMP00947,137012,2180,18777
EMP00948,54677,1960,20954
EMP00949,67818,3879,21943
EMP00950,41868,5153,12957
EMP00951,123591,7035,17666
EMP00952,107264,11471,15110
EMP00953,113168,12076,12344
EMP00954,52043,3270,21462
EMP00955,111939,4687,18696
EMP00956,55732,582,6031
EMP00957,95244,9805,23456
EMP00958,58526,9293,20090
EMP00959,49340,288,20816
EMP00960,144488,5664,22868
EMP00961,62394,7979,15437
EMP00962,138557,3859,20453
EMP00963,44102,3060,19258
EMP00964,141846,11118,6550
EMP00965,59159,13731,17977
EMP00966,105092,12294,9682
EMP00967,46212,1183,19439
EMP00968,137360,4335,23213
EMP00969,77405,14274,8751
EMP00970,117061,1446,17914
EMP00971,134296,6679,15223
EMP00972,95186,9941,20398
EMP00973,84239,6213,11601
EMP00974,132993,1903,8856
EMP00975,50532,14551,17661
EMP00976,119054,11367,20591
EMP00977,112012,7894,11182
EMP00978,125279,9269,12970
EMP00979,106540,2377,20154
EMP00980,148590,847,7094
EMP00981,143021,7370,17095
EMP00982,43271,13599,24416
EMP00983,85482,14380,18672
EMP00984,40209,11068,22932
EMP00985,130999,6341,19228
EMP00986,45539,1239,13559
EMP00987,59977,5600,5064
EMP00988,114142,9524,8299
EMP00989,149920,11698,9849
EMP00990,139588,10571,10639
EMP00991,108684,4791,23419
EMP00992,139072,12314,16055
EMP00993,45607,11429,23612
EMP00994,125122,2365,21980
EMP00995,134786,10604,24990
EMP00996,91939,11366,15866
EMP00997,58594,5055,8889
EMP00998,98382,5622,24890
EMP00999,47399,14156,20458
EMP01000,65117,372,22779
EMP01001,138662,7783,5452
EMP01002,73617,1949,15995
EMP01003,47498,244,7631
EMP01004,142826,10032,7186
EMP01005,90624,7795,10967
EMP01006,49628,5772,9348
EMP01007,40329,11619,6459
EMP01008,78619,14813,6942
EMP01009,47032,124,19896
EMP01010,88094,12824,19407
EMP01011,78034,10945,20622
EMP01012,142658,1919,19557
EMP01013,126158,9827,21445
EMP01014,95264,9617,22878
EMP01015,134120,9732,22564
EMP01016,87850,530,18093
EMP01017,44722,7849,7788
EMP01018,57772,6929,15400
EMP01019,126105,4349,21489
EMP01020,81679,14456,8925
EMP01021,108771,11295,23292
EMP01022,44576,4756,23433
EMP01023,66707,1801,19568
EMP01024,139404,5156,17656
EMP01025,81632,7856,14466
EMP01026,81476,5461,8904
EMP01027,70285,9228,20467
EMP01028,64154,5302,15419
EMP01029,60054,11920,21676
EMP01030,57165,7432,15414
EMP01031,54439,14423,17165
EMP01032,84518,12203,15683
EMP01033,128051,6189,20442
EMP01034,66962,11655,9860
EMP01035,93934,1142,8729
EMP01036,148085,7076,19400
EMP01037,77763,13842,13619
EMP01038,104094,7614,16164
EMP01039,59464,9947,11110
EMP01040,82036,14253,11955
EMP01041,135949,4840,5106
EMP01042,73270,1629,9754
EMP01043,82299,5062,16525
EMP01044,125805,762,11408
EMP01045,71541,6905,12635
EMP01046,113545,4889,6225
EMP01047,122543,4839,17196
EMP01048,131998,13357,9250
EMP01049,117078,3957,20372
EMP01050,122970,13819,22279
EMP01051,69765,557,17097
EMP01052,63769,14282,23004
EMP01053,128001,4621,17055
EMP01054,127404,14932,10419
EMP01055,60156,839,22769
EMP01056,125836,8194,20713
EMP01057,90481,9243,16784
EMP01058,53435,9596,7433
EMP01059,109650,8348,15998
EMP01060,86336,6998,16575
EMP01061,76135,10129,6301
EMP01062,113631,14242,11858
EMP01063,77909,510,13950
EMP01064,109487,11596,13938
EMP01065,61468,12974,10644
EMP01066,132609,1137,16078
EMP01067,87655,13700,14260
EMP01068,74341,5606,19690
EMP01069,104182,12106,8307
EMP01070,91786,11513,21488
EMP01071,108304,4666,5395
EMP01072,143606,8906,24901
EMP01073,86514,5434,15845
EMP01074,73979,10478,8291
EMP01075,130887,6446,23394
EMP01076,120981,2654,18138
EMP01077,95107,990,9537
EMP01078,41160,7820,14860
EMP01079,127897,12621,22435
EMP01080,112577,2160,24225
EMP01081,124303,5740,11618
EMP01082,50846,4457,9723
EMP01083,144180,14168,24968
EMP01084,59924,10336,19837
EMP01085,53882,14269,13539
EMP01086,120274,2063,6263
EMP01087,126555,10795,18305
EMP01088,41095,1977,15934
EMP01089,144205,8567,15265
EMP01090,80983,8933,21339
EMP01091,54123,12677,6351
EMP01092,133668,2667,12190
EMP01093,106615,9432,24030
EMP01094,135193,11662,21650
EMP01095,85278,4919,15885
EMP01096,137911,10559,12434
EMP01097,130290,10435,6022
EMP01098,91999,11741,7037
EMP01099,71153,8609,13756
EMP01100,58344,7642,18558
EMP01101,139777,8798,22443
EMP01102,77656,8759,6424
EMP01103,110515,543,9123
EMP01104,41212,14566,21603
EMP01105,49001,883,5405
EMP01106,118784,14856,14829
EMP01107,138723,4798,23702
EMP01108,121144,8040,14951
EMP01109,76427,9415,13983
EMP01110,71368,11085,22693
EMP01111,110819,5718,17025
EMP01112,101160,2068,9929
EMP01113,65854,7478,14522
EMP01114,50715,14923,17638
EMP01115,121701,8120,13702
EMP01116,98784,7820,15764
EMP01117,139644,11901,17121
EMP01118,66797,1786,19219
EMP01119,87573,5715,6617
EMP01120,116120,9649,15248
EMP01121,54780,14706,22904
EMP01122,77905,13871,6583
EMP01123,61573,10106,11704
EMP01124,73359,8269,12988
EMP01125,106062,11805,22959
EMP01126,113391,1308,14953
EMP01127,83463,8839,7613
EMP01128,139596,10379,8892
EMP01129,135018,8744,17336
EMP01130,56571,13285,11733
EMP01131,137276,8473,9431
EMP01132,59142,9473,22765
EMP01133,65104,10038,8515
EMP01134,48625,13671,9454
EMP01135,79199,10679,12769
EMP01136,55926,14605,13384
EMP01137,71218,13445,18727
EMP01138,84472,10985,8534
EMP01139,131916,11903,5755
EMP01140,60566,12391,23909
EMP01141,96125,4861,22211
EMP01142,73205,14430,23717
EMP01143,149084,2776,13302
EMP01144,69717,1596,17907
EMP01145,89984,479,13984
EMP01146,147292,3312,19385
EMP01147,65135,6156,12181
EMP01148,68164,11410,18445
EMP01149,114489,10155,17875
EMP01150,78562,7919,8414
EMP01151,109110,6744,20005
EMP01152,60169,10334,14501
EMP01153,99858,3898,19245
EMP01154,61604,14628,11457
EMP01155,129670,2072,11749
EMP01156,128738,9487,5296
EMP01157,40684,5624,14821
EMP01158,142537,13477,21952
EMP01159,48007,938,10283
EMP01160,140632,8176,18119
EMP01161,81787,761,12664
EMP01162,89582,7254,12511
EMP01163,114791,12941,10465
EMP01164,137798,1669,17557
EMP01165,123629,7128,9382
EMP01166,45782,3862,21449
EMP01167,106770,2685,22263
EMP01168,97645,12091,14408
EMP01169,143509,6634,18690
EMP01170,139724,1931,10069
EMP01171,71996,7308,24623
EMP01172,69204,3939,16672
EMP01173,57152,1126,21891
EMP01174,95186,11489,12704
EMP01175,147900,6021,22509
EMP01176,130555,12862,22269
EMP01177,125024,6437,24225
EMP01178,142659,7039,12975
EMP01179,59689,13617,17069
EMP01180,90690,5373,11565
EMP01181,134042,1203,9870
EMP01182,123251,4135,23909
EMP01183,97320,11964,14117
EMP01184,104226,8711,6938
EMP01185,96091,13927,16554
EMP01186,146565,7904,8232
EMP01187,119301,14881,8465
EMP01188,61942,2283,5440
EMP01189,78712,4558,21845
EMP01190,145430,5347,10413
EMP01191,105277,7867,16663
EMP01192,89632,5944,10755
EMP01193,78031,8674,10012
EMP01194,60478,2477,24547
EMP01195,62551,3093,21126
EMP01196,88068,8534,11752
EMP01197,133608,7207,5005
EMP01198,75561,13484,9776
EMP01199,42892,9654,12038
EMP01200,139502,9394,11414
EMP01201,64395,9813,8970
EMP01202,58756,14468,16050
EMP01203,127710,10590,7606
EMP01204,74651,11788,21482
EMP01205,106333,14841,5525
EMP01206,113745,6227,11337
EMP01207,146539,13280,6180
EMP01208,89306,3535,18057
EMP01209,61346,11069,10922
EMP01210,68024,7004,8071
EMP01211,134950,10582,7792
EMP01212,80818,11543,18844
EMP01213,45947,2913,5014
EMP01214,115153,9381,23799
EMP01215,126240,2340,7685
EMP01216,134238,11772,21212
EMP01217,107428,9795,14428
EMP01218,69754,11489,13159
EMP01219,103355,5289,9100
EMP01220,98241,597,11374
EMP01221,108960,8836,11004
EMP01222,147754,12735,10521
EMP01223,53418,7145,16412
EMP01224,135422,2902,16755
EMP01225,140319,6645,24681
EMP01226,128593,8955,24017
EMP01227,95184,7694,8890
EMP01228,44833,4830,22175
EMP01229,115430,7546,14191
EMP01230,81833,7368,5151
EMP01231,40565,9834,24447
EMP01232,80180,10489,18861
EMP01233,58402,12888,23475
EMP01234,82845,10364,20032
EMP01235,115851,2160,9599
EMP01236,52834,13268,17274
EMP01237,107850,5878,17218
EMP01238,77180,7663,7977
EMP01239,43883,3749,22226
EMP01240,149688,14485,8793
EMP01241,115587,2922,6659
EMP01242,146520,6486,10162
EMP01243,51695,8112,15705
EMP01244,63123,8771,21040
EMP01245,98481,3804,9270
EMP01246,113438,4878,18286
EMP01247,57573,2368,8603
EMP01248,134910,8093,18772
EMP01249,96494,3932,22600
EMP01250,52288,12819,7291
EMP01251,86978,11552,18123
EMP01252,112420,5608,8811
EMP01253,116095,6635,18347
EMP01254,94672,12899,18851
EMP01255,101821,6395,20513
EMP01256,123661,6101,10142
EMP01257,109224,9292,17194
EMP01258,129405,9862,12526
EMP01259,143673,13703,24362
EMP01260,94796,5531,18513
EMP01261,84706,10412,17084
EMP01262,44023,4970,18349
EMP01263,122636,6344,20068
EMP01264,76735,8408,9595
EMP01265,112959,375,20402
EMP01266,79218,7887,14955
EMP01267,52213,1609,23554
EMP01268,141519,12298,18996
EMP01269,138694,12031,24405
EMP01270,68460,2939,6185
EMP01271,104680,4062,8285
EMP01272,71017,1613,8447
EMP01273,138536,6578,15662
EMP01274,132038,7851,9899
EMP01275,70990,3679,21060
EMP01276,59515,13105,6935
EMP01277,69991,7540,14445
EMP01278,47634,9488,14274
EMP01279,117034,7074,15335
EMP01280,116452,3996,22669
EMP01281,69377,4786,13545
EMP01282,73001,5695,12479
EMP01283,41391,13820,10255
EMP01284,105206,9347,23269
EMP01285,149388,6998,10062
EMP01286,82215,14235,12066
EMP01287,119720,13071,15712
EMP01288,67114,2366,20991
EMP01289,51882,11083,8022
EMP01290,57273,10164,6547
EMP01291,146206,14164,17210
EMP01292,85647,6764,9204
EMP01293,122665,8976,12590
EMP01294,104892,12684,6368
EMP01295,82679,9273,16529
EMP01296,40427,13791,23141
EMP01297,136952,10225,20945
EMP01298,106267,1614,14709
EMP01299,40799,4555,18644
EMP01300,95659,14396,9917
EMP01301,134409,2416,24868
EMP01302,47025,7288,16877
EMP01303,54481,6862,18224
EMP01304,65411,12833,8052
EMP01305,136894,3653,13382
EMP01306,145928,6639,22316
EMP01307,54961,496,12240
EMP01308,61767,504,8238
EMP01309,91690,7699,15407
EMP01310,92870,11578,5565
EMP01311,146536,13380,10558
EMP01312,76135,10400,21375
EMP01313,104514,5733,22127
EMP01314,126928,8055,16103
EMP01315,118798,13005,20174
EMP01316,110765,3216,13722
EMP01317,63772,5688,13753
EMP01318,58799,11858,10629
EMP01319,63555,9600,11318
EMP01320,132152,4364,5301
EMP01321,59333,12269,12506
EMP01322,44261,6042,13701
EMP01323,109002,1477,11962
EMP01324,86553,13829,10429
EMP01325,43088,4960,20866
EMP01326,85783,2397,12248
EMP01327,41115,8301,24829
EMP01328,110114,11746,7203
EMP01329,108126,14742,24218
EMP01330,112908,8841,7479
EMP01331,109109,6194,15386
EMP01332,42978,7570,5434
EMP01333,148943,7730,15230
EMP01334,49422,1499,6706
EMP01335,83626,13398,10725
EMP01336,129233,7235,23288
EMP01337,96174,595,8959
EMP01338,136356,978,19521
EMP01339,77743,730,16143
EMP01340,110461,56,11825
EMP01341,97199,2243,11347
EMP01342,69430,5879,17841
EMP01343,68834,1701,7713
EMP01344,64435,7229,16561
EMP01345,127212,1286,17787
EMP01346,95797,8303,11512
EMP01347,83554,12998,15596
EMP01348,94555,9393,24930
EMP01349,125350,947,20182
EMP01350,54716,4121,23687
EMP01351,100261,6553,8221
EMP01352,67528,757,6082
EMP01353,41995,14866,13637
EMP01354,62414,14088,18123
EMP01355,53844,11580,18042
EMP01356,76659,5651,19133
EMP01357,55522,7273,22976
EMP01358,145449,10033,10608
EMP01359,114034,3535,10526
EMP01360,82322,2293,11472
EMP01361,107638,1104,7775
EMP01362,141334,8853,20828
EMP01363,48524,908,17008
EMP01364,70846,6539,22974
EMP01365,113643,4617,20055
EMP01366,100096,10048,23615
EMP01367,123804,14047,10118
EMP01368,87703,7069,12960
EMP01369,64399,2311,22945
EMP01370,115160,789,17464
EMP01371,132662,13585,12596
EMP01372,128667,14017,12240
EMP01373,88591,171,9942
EMP01374,60714,12552,24622
EMP01375,146167,10178,18536
EMP01376,75877,7989,6600
EMP01377,124106,13337,10700
EMP01378,118018,13780,11071
EMP01379,139854,1885,15248
EMP01380,99136,8667,17523
EMP01381,73414,14691,22093
EMP01382,126576,1049,24355
EMP01383,118943,4129,22177
EMP01384,85468,10503,24483
EMP01385,138841,1161,16047
EMP01386,119702,815,10765
EMP01387,112108,3766,5026
EMP01388,138538,11114,11693
EMP01389,132508,8945,24485
EMP01390,86835,4661,11609
EMP01391,103333,8653,14314
EMP01392,82464,3239,21258
EMP01393,62923,13942,10309
EMP01394,101855,10894,5011
EMP01395,107445,8272,20389
EMP01396,138384,2804,18671
EMP01397,107619,14225,10774
EMP01398,86146,8031,21563
EMP01399,100032,869,5796
EMP01400,57140,5526,12279
EMP01401,42670,7741,12188
EMP01402,76519,13357,7024
EMP01403,84512,4694,12666
EMP01404,97811,13922,8217
EMP01405,143565,8998,11584
EMP01406,54691,1934,10285
EMP01407,145156,5172,12370
EMP01408,74262,703,22903
EMP01409,94892,2523,11856
EMP01410,65595,2639,7432
EMP01411,97207,6159,9866
EMP01412,73440,12774,18566
EMP01413,48630,3909,10054
EMP01414,71250,12993,14108
EMP01415,134334,13813,23454
EMP01416,148572,1164,6781
EMP01417,138748,619,22900
EMP01418,147461,7982,16062
EMP01419,117518,3066,16774
EMP01420,114191,4872,20958
EMP01421,104791,8638,24674
EMP01422,124118,2337,14638
EMP01423,140591,8400,6379
EMP01424,103753,5594,14675
EMP01425,100520,2460,15266
EMP01426,44008,6820,22184
EMP01427,84464,5546,20195
EMP01428,147408,14165,15929
EMP01429,40496,3442,10267
EMP01430,139767,2711,24879
EMP01431,63212,10529,8257
EMP01432,60637,1291,17069
EMP01433,85227,10390,5981
EMP01434,122413,14030,15668
EMP01435,123346,5374,23472
EMP01436,49884,9592,24336
EMP01437,108259,13964,16656
EMP01438,89810,13142,23510
EMP01439,44761,13669,13063
EMP01440,113166,2655,23975
EMP01441,56375,12204,14665
EMP01442,147045,6513,24706
EMP01443,65218,7394,11437
EMP01444,70565,704,15375
EMP01445,142654,825,7861
EMP01446,72975,9196,17842
EMP01447,67073,11652,23039
EMP01448,109726,376,23139
EMP01449,41883,972,11227
EMP01450,108422,4213,16424
EMP01451,89629,11268,14643
EMP01452,104170,443,15310
EMP01453,114489,7519,23951
EMP01454,48381,754,20233
EMP01455,63238,11796,18200
EMP01456,53795,4735,24507
EMP01457,135964,10363,15532
EMP01458,102999,10897,14680
EMP01459,89907,5396,15619
EMP01460,49638,3465,12150
EMP01461,110467,2711,6766
EMP01462,82623,2407,8549
EMP01463,78492,8814,23693
EMP01464,66411,5588,14634
EMP01465,60534,6104,6976
EMP01466,142364,5747,20560
EMP01467,69181,1723,17165
EMP01468,143069,7224,7490
EMP01469,59996,11514,16995
EMP01470,112089,1919,17019
EMP01471,145682,918,12425
EMP01472,123609,13461,17857
EMP01473,112666,14787,13689
EMP01474,69405,13473,8976
EMP01475,141490,4215,19205
EMP01476,111325,581,5704
EMP01477,68930,14235,10452
EMP01478,57529,14434,17849
EMP01479,93546,13478,11094
EMP01480,47942,3881,8681
EMP01481,47548,9878,23300
EMP01482,58296,3909,14566
EMP01483,91016,1999,12501
EMP01484,137780,14849,6845
EMP01485,40296,10903,11413
EMP01486,107945,400,12990
EMP01487,99980,14700,14628
EMP01488,96782,3648,18230
EMP01489,74229,5445,24474
EMP01490,136382,2628,22754
EMP01491,93444,1656,23312
EMP01492,75036,620,6636
EMP01493,79322,246,23227
EMP01494,67167,14769,19707
EMP01495,91667,5212,22215
EMP01496,134527,3339,10538
EMP01497,123337,6758,15317
EMP01498,91468,7086,17454
EMP01499,112894,3010,20449
EMP01500,93084,4719,13455
EMP01501,103138,2368,20059
EMP01502,62588,12186,20630
EMP01503,102901,1839,6286
EMP01504,57671,2903,6529
EMP01505,123038,6205,15000
EMP01506,130664,4395,11655
EMP01507,71645,12690,6877
EMP01508,47637,5767,14941
EMP01509,40660,3691,23862
EMP01510,147211,7470,18055
EMP01511,46922,3841,21484
EMP01512,133697,4348,8087
EMP01513,84721,14045,10828
EMP01514,97256,6621,23675
EMP01515,109506,1392,22077
EMP01516,108943,11942,10406
EMP01517,67843,6060,16432
EMP01518,49046,4255,8491
EMP01519,129336,11200,18358
EMP01520,103985,4300,18354
EMP01521,120083,3338,8392
EMP01522,143064,13449,7268
EMP01523,136925,5487,10632
EMP01524,70346,3514,8783
EMP01525,128284,13145,19479
EMP01526,142391,759,20387
EMP01527,131384,13878,10969
EMP01528,93526,10960,13981
EMP01529,113143,11280,13850
EMP01530,76787,10307,20172
EMP01531,73583,12420,22402
EMP01532,52563,9915,23337
EMP01533,86060,11158,8657
EMP01534,73690,8621,23680
EMP01535,134712,10547,22158
EMP01536,54925,6793,24195
EMP01537,126787,13485,14572
EMP01538,123184,2459,8182
EMP01539,60108,12384,17979
EMP01540,116515,13994,12867
EMP01541,108258,5273,20155
EMP01542,45355,1718,18006
EMP01543,86069,9457,9329
EMP01544,134335,5423,8097
EMP01545,140854,1308,6404
EMP01546,94471,1050,10101
EMP01547,72705,11665,6369
EMP01548,83909,5479,11665
EMP01549,128606,2249,23448
EMP01550,93739,2809,7765
EMP01551,116820,2921,24201
EMP01552,127273,4676,5716
EMP01553,63241,4041,18850
EMP01554,67414,2417,6711
EMP01555,90818,532,11261
EMP01556,60895,13463,21392
EMP01557,132307,13413,11086
EMP01558,102409,9090,19362
EMP01559,95324,8167,16223
EMP01560,106920,10846,21220
EMP01561,93555,1469,18392
EMP01562,105453,11112,7246
EMP01563,62689,9444,7822
EMP01564,104356,7292,22234
EMP01565,133011,8961,22491
EMP01566,48252,9025,21683
EMP01567,70844,7142,14669
EMP01568,135687,6000,6082
EMP01569,145542,7081,16148
EMP01570,63365,14571,13167
EMP01571,46026,10401,14557
EMP01572,138303,4649,24184
EMP01573,68523,6931,16728
EMP01574,50482,3424,8951
EMP01575,88888,1091,19677
EMP01576,146968,9388,20969
EMP01577,90110,12106,13967
EMP01578,130644,9852,11768
EMP01579,40493,7849,22836
EMP01580,96194,4654,23065
EMP01581,122001,260,19039
EMP01582,79767,10456,7303
EMP01583,69550,5936,20163
EMP01584,53833,13435,12157
EMP01585,42970,13092,23235
EMP01586,138315,9377,23281
EMP01587,135494,14536,21129
EMP01588,122681,10641,14519
EMP01589,141489,11725,5244
EMP01590,89177,4370,13948
EMP01591,107342,4301,14015
EMP01592,111200,7207,16019
EMP01593,101501,11536,7779
EMP01594,68900,5819,23230
EMP01595,54126,9058,18723
EMP01596,110690,92,17803
EMP01597,127744,5161,21857
EMP01598,119303,7632,18698
EMP01599,125579,14714,6792
EMP01600,87994,11370,20376
EMP01601,107061,9543,23118
EMP01602,139064,6208,18117
EMP01603,56978,8556,12215
EMP01604,96344,4916,10188
EMP01605,86648,13795,21018
EMP01606,41055,3718,19701
EMP01607,115582,6125,10281
EMP01608,141387,1924,5944
EMP01609,121214,3095,6511
EMP01610,84876,6683,17718
EMP01611,132160,5181,22242
EMP01612,147954,2538,24944
EMP01613,78725,9488,13369
EMP01614,45255,2276,17120
EMP01615,114947,13331,18721
EMP01616,93380,8194,7615
EMP01617,93333,11684,22997
EMP01618,82459,9945,20629
EMP01619,76163,910,7840
EMP01620,73971,306,19051
EMP01621,136771,6575,6774
EMP01622,105149,4231,18262
EMP01623,124730,6028,8871
EMP01624,59476,12207,13273
EMP01625,108580,6658,22229
EMP01626,145576,6336,14408
EMP01627,126593,13896,8260
EMP01628,109050,9630,8145
EMP01629,115526,872,12802
EMP01630,144496,1141,7263
EMP01631,149071,665,13155
EMP01632,47507,8400,5922
EMP01633,110393,951,11695
EMP01634,52118,9249,10758
EMP01635,90529,12936,17576
EMP01636,108682,13629,24014
EMP01637,131937,14455,12816
EMP01638,94176,4722,12556
EMP01639,131713,12812,21225
EMP01640,144060,13892,10930
EMP01641,44414,4008,16633
EMP01642,123030,10060,8512
EMP01643,125973,13056,11066
EMP01644,102137,6655,18207
EMP01645,43937,6190,19322
EMP01646,76731,771,7060
EMP01647,126862,13027,19013
EMP01648,78665,4030,24418
EMP01649,114510,7859,7387
EMP01650,57500,521,13031
EMP01651,41750,3355,6799
EMP01652,105018,1400,7780
EMP01653,44027,14469,6127
EMP01654,149832,11930,12365
EMP01655,45745,12535,19635
EMP01656,101731,3723,12611
EMP01657,126984,13629,17646
EMP01658,147983,6579,12535
EMP01659,68451,3247,19504
EMP01660,133743,1858,14364
EMP01661,111474,4781,7808
EMP01662,101536,4064,18055
EMP01663,52150,12873,9297
EMP01664,53406,2398,16209
EMP01665,59781,142,5448
EMP01666,97417,5062,10008
EMP01667,143157,11043,22177
EMP01668,58325,3469,21820
EMP01669,108684,3695,11012
EMP01670,134415,717,6620
EMP01671,113469,642,18584
EMP01672,49436,11632,5948
EMP01673,57669,2548,14319
EMP01674,112010,11885,21575
EMP01675,116764,8561,17204
EMP01676,139074,3650,16952
EMP01677,41843,7549,22787
EMP01678,105609,13397,23374
EMP01679,90812,8978,6104
EMP01680,56059,13771,5548
EMP01681,126269,949,16640
EMP01682,80768,5444,12903
EMP01683,65395,521,23168
EMP01684,60202,6632,15613
EMP01685,53273,6048,22188
EMP01686,88889,14732,13990
EMP01687,138635,11135,16467
EMP01688,113048,354,9238
EMP01689,133767,13234,24644
EMP01690,128810,10527,9367
EMP01691,143235,1482,10651
EMP01692,85510,9839,21204
EMP01693,127945,11237,24755
EMP01694,110649,12823,7093
EMP01695,146723,13602,9001
EMP01696,42881,6994,12810
EMP01697,85913,2215,16272
EMP01698,124785,13237,9554
EMP01699,105037,4716,23901
EMP01700,102457,8619,13697
EMP01701,75343,5821,22480
EMP01702,102389,2537,17371
EMP01703,118250,14690,14236
EMP01704,144489,6339,18769
EMP01705,48656,8736,12061
EMP01706,45741,10956,23588
EMP01707,56661,4919,8902
EMP01708,137091,7075,6352
EMP01709,68690,3765,6596
EMP01710,72833,13290,13767
EMP01711,142566,8850,5679
EMP01712,111240,7082,17020
EMP01713,146898,2827,17096
EMP01714,117711,2058,16385
EMP01715,97141,7749,13509
EMP01716,118232,11519,10734
EMP01717,79023,14731,20675
EMP01718,80209,730,17693
EMP01719,133590,1832,24380
EMP01720,126612,8600,12407
EMP01721,120522,6505,16786
EMP01722,54440,7170,7542
EMP01723,47960,4179,22062
EMP01724,62462,6299,10366
EMP01725,57821,7830,12410
EMP01726,97772,11439,14835
EMP01727,67258,4802,18647
EMP01728,132889,6057,10541
EMP01729,128952,6615,22218
EMP01730,102524,6762,15433
EMP01731,62115,5543,15547
EMP01732,86433,8325,14860
EMP01733,130504,4883,15745
EMP01734,128267,7050,11818
EMP01735,128321,4959,19101
EMP01736,144933,666,10028
EMP01737,119364,276,20798
EMP01738,110077,11499,15954
EMP01739,80644,14063,17770
EMP01740,102643,881,14438
EMP01741,53311,2060,23156
EMP01742,70531,14677,23548
EMP01743,54588,2082,12111
EMP01744,89416,6702,24219
EMP01745,52380,9429,24049
EMP01746,82645,10644,11113
EMP01747,57818,14993,7563
EMP01748,70857,158,20889
EMP01749,61711,5229,13498
EMP01750,45097,10788,13131
EMP01751,68393,7956,7696
EMP01752,62076,7514,12704
EMP01753,124274,12007,21442
EMP01754,97609,14139,14765
EMP01755,69317,7803,22524
EMP01756,144765,12566,15002
EMP01757,98480,2526,16390
EMP01758,47044,8302,16668
EMP01759,111033,7803,23946
EMP01760,95486,6574,24236
EMP01761,95162,8733,21244
EMP01762,119287,1138,11641
EMP01763,69882,7257,5941
EMP01764,94078,3283,17815
EMP01765,98734,7762,11541
EMP01766,147608,11802,20624
EMP01767,148730,7896,14966
EMP01768,83826,12647,6421
EMP01769,127985,11749,10765
EMP01770,84028,2419,21819
EMP01771,91331,13526,22223
EMP01772,138938,1756,9001
EMP01773,72543,11278,17647
EMP01774,69362,13242,10248
EMP01775,67315,2306,9959
EMP01776,67746,7630,23034
EMP01777,50057,6263,23645
EMP01778,82915,9167,8889
EMP01779,61061,5008,6326
EMP01780,91370,5247,10901
EMP01781,74157,8914,8358
EMP01782,51322,2570,6585
EMP01783,109812,5807,18500
EMP01784,117842,7812,16560
EMP01785,74017,324,21772
EMP01786,96792,7487,20818
EMP01787,67742,9721,24175
EMP01788,137136,5645,8332
EMP01789,104808,13361,22087
EMP01790,57629,1945,7820
EMP01791,48245,13895,20472
EMP01792,136950,14404,9959
EMP01793,83870,4486,22443
EMP01794,135634,2430,17366
EMP01795,104829,12303,6301
EMP01796,50588,3510,15551
EMP01797,40442,845,9112
EMP01798,145280,13156,17763
EMP01799,142979,567,16774
EMP01800,117339,11880,21882
EMP01801,80721,2179,13620
EMP01802,77145,2019,12245
EMP01803,50599,3319,16831
EMP01804,112594,2320,7105
EMP01805,122742,1646,14745
EMP01806,117430,12195,10630
EMP01807,42939,3909,8206
EMP01808,62149,8015,23953
EMP01809,106567,3420,7628
EMP01810,50208,10723,15068
EMP01811,106098,14885,18394
EMP01812,149034,356,6067
EMP01813,89492,7485,22890
EMP01814,60951,13944,24397
EMP01815,88920,3081,20245
EMP01816,86766,2280,14859
EMP01817,97014,4131,11642
EMP01818,68351,10652,20377
EMP01819,124216,5123,9066
EMP01820,89386,14379,5947
EMP01821,127122,14903,6171
EMP01822,49308,7422,20831
EMP01823,99252,2787,11114
EMP01824,115145,4209,5171
EMP01825,135031,14060,17818
EMP01826,123211,6540,14335
EMP01827,68064,9389,15051
EMP01828,93879,9470,11209
EMP01829,48720,465,15380
EMP01830,82940,12192,8577
EMP01831,119993,11540,13380
EMP01832,108475,1487,9076
EMP01833,87113,4942,5157
EMP01834,88926,4597,12777
EMP01835,78203,4536,24101
EMP01836,128901,14404,13437
EMP01837,45392,325,16095
EMP01838,65905,9957,20279
EMP01839,113508,4162,24179
EMP01840,90385,303,12200
EMP01841,70653,5067,23761
EMP01842,131865,12771,19847
EMP01843,124720,5024,14041
EMP01844,54799,7715,6810
EMP01845,100103,9632,12895
EMP01846,55052,8340,23510
EMP01847,46044,11226,11953
EMP01848,59871,2631,24414
EMP01849,129303,6391,11323
EMP01850,60234,13412,10605
EMP01851,61381,8287,10891
EMP01852,57274,11647,8076
EMP01853,127840,12569,23728
EMP01854,123108,2369,5619
EMP01855,143948,11659,16094
EMP01856,89892,528,7407
EMP01857,90521,10502,17644
EMP01858,131501,13930,8004
EMP01859,123920,4675,15678
EMP01860,123391,1663,24980
EMP01861,57920,3364,9039
EMP01862,56702,2341,6304
EMP01863,143457,13919,10630
EMP01864,41894,14730,12282
EMP01865,70985,6656,8307
EMP01866,68287,4905,22745
EMP01867,113527,8884,11665
EMP01868,55439,12522,9294
EMP01869,134620,9143,6787
EMP01870,82235,5950,6073
EMP01871,67659,1360,8599
EMP01872,64976,5127,20389
EMP01873,144239,5562,16345
EMP01874,122643,14252,17318
EMP01875,107865,8730,21107
EMP01876,147631,9011,8055
EMP01877,108306,5777,22043
EMP01878,96697,11354,11320
EMP01879,110382,3925,11513
EMP01880,56651,8463,9642
EMP01881,89044,8001,14321
EMP01882,54633,1028,19432
EMP01883,119164,11857,9466
EMP01884,40569,6018,16458
EMP01885,99900,1242,20879
EMP01886,107509,9333,23855
EMP01887,141126,8784,13284
EMP01888,73038,7119,15758
EMP01889,89088,9797,22665
EMP01890,113177,4210,15991
EMP01891,114466,6406,24561
EMP01892,112216,3377,9511
EMP01893,106793,13965,15796
EMP01894,113786,13733,8881
EMP01895,78138,4071,20668
EMP01896,103310,12494,7413
EMP01897,68757,11886,6544
EMP01898,110394,10542,20729
EMP01899,146885,12399,9784
EMP01900,119027,1440,10626
EMP01901,130830,3626,9514
EMP01902,96151,10074,6145
EMP01903,89272,11903,14102
EMP01904,46908,184,16498
EMP01905,50844,14052,10450
EMP01906,91455,4996,22950
EMP01907,143165,8412,24389
EMP01908,108447,8031,9507
EMP01909,114527,5563,18535
EMP01910,117108,3188,9248
EMP01911,83066,9285,18523
EMP01912,135229,2945,8992
EMP01913,80004,6765,13522
EMP01914,78333,2474,13027
EMP01915,123029,6787,16972
EMP01916,79697,10807,20305
EMP01917,57634,10204,15793
EMP01918,64561,10682,24361
EMP01919,58033,8792,5529
EMP01920,112887,9352,24276
EMP01921,95063,4599,9734
EMP01922,65921,6274,18898
EMP01923,59340,4313,23909
EMP01924,102781,10927,17985
EMP01925,54901,2218,18989
EMP01926,50638,13786,7742
EMP01927,78596,12899,9635
EMP01928,126914,1152,9425
EMP01929,84324,56,13661
EMP01930,128356,9396,8830
EMP01931,130596,12533,5533
EMP01932,72642,143,19250
EMP01933,65378,7218,17247
EMP01934,90867,8559,9087
EMP01935,113686,9674,13953
EMP01936,82875,6361,18293
EMP01937,129595,615,14082
EMP01938,140061,8062,7355
EMP01939,123729,11830,6955
EMP01940,104377,11520,7971
EMP01941,94691,5977,10539
EMP01942,149503,11419,12493
EMP01943,133337,9780,23056
EMP01944,104303,10681,7836
EMP01945,100839,6984,9939
EMP01946,89063,11195,8644
EMP01947,131782,8890,23681
EMP01948,118343,4971,8166
EMP01949,123071,5781,14511
EMP01950,45492,11015,5183
EMP01951,71357,944,14475
EMP01952,111838,12073,24230
EMP01953,72314,9114,16332
EMP01954,88697,7078,20173
EMP01955,110283,1746,14988
EMP01956,99567,12312,9722
EMP01957,87006,11045,20194
EMP01958,100011,5783,22166
EMP01959,146706,9751,22891
EMP01960,50686,6907,19072
EMP01961,77449,9275,20976
EMP01962,101606,11730,10855
EMP01963,58891,8625,18294
EMP01964,92115,2926,17046
EMP01965,141732,1089,5676
EMP01966,100719,2957,9090
EMP01967,135464,2612,17498
EMP01968,113030,6047,17777
EMP01969,76723,6249,24070
EMP01970,69877,12383,13382
EMP01971,133517,3759,20006
EMP01972,54026,7718,14034
EMP01973,60422,4263,13526
EMP01974,49244,10281,18930
EMP01975,73481,1902,6110
EMP01976,129180,14439,21962
EMP01977,149384,14156,21445
EMP01978,98031,2567,5386
EMP01979,48521,10190,23584
EMP01980,41746,14617,17906
EMP01981,123127,8075,6683
EMP01982,132254,11306,20033
EMP01983,108232,2994,20708
EMP01984,52012,5229,11321
EMP01985,120224,2010,13678
EMP01986,63457,7377,16924
EMP01987,110572,13036,18565
EMP01988,145431,10083,13732
EMP01989,69960,830,10631
EMP01990,142022,48,15252
EMP01991,127695,4210,17438
EMP01992,47910,1178,10169
EMP01993,42693,5768,11787
EMP01994,55858,14838,10232
EMP01995,68810,7878,9288
EMP01996,60092,11225,11734
EMP01997,128779,70,22464
EMP01998,88700,7686,11240
EMP01999,98105,7879,21581
EMP02000,70505,5455,12814
